payment_id,date,amount_paid,payment_method,partner
P00001,2022-01-01,3567.49,PayPal,Partner X
P00002,2022-01-02,3857.33,Cash,Partner Z
P00003,2022-01-03,4746.63,Bank Transfer,Partner Z
P00004,2022-01-04,1739.87,Credit Card,Partner Z
P00005,2022-01-05,3749.42,Bank Transfer,Partner Z
P00006,2022-01-06,2898.75,PayPal,Partner W
P00007,2022-01-07,4761.73,Cash,Partner Z
P00008,2022-01-08,4079.56,Cash,Partner X
P00009,2022-01-09,4116.45,Bank Transfer,Partner W
P00010,2022-01-10,1685.77,Cash,Partner Y
P00011,2022-01-11,2067.59,Credit Card,Partner X
P00012,2022-01-12,3323.78,Bank Transfer,Partner Z
P00013,2022-01-13,1910.64,Credit Card,Partner X
P00014,2022-01-14,3391.35,Cash,Partner Y
P00015,2022-01-15,3909.61,Bank Transfer,Partner Z
P00016,2022-01-16,4066.71,Credit Card,Partner W
P00017,2022-01-17,2139.66,PayPal,Partner X
P00018,2022-01-18,4975.28,Credit Card,Partner Y
P00019,2022-01-19,1108.24,PayPal,Partner X
P00020,2022-01-20,889.26,PayPal,Partner Y
P00021,2022-01-21,2449.51,Credit Card,Partner Y
P00022,2022-01-22,2595.68,Bank Transfer,Partner X
P00023,2022-01-23,1031.33,PayPal,Partner W
P00024,2022-01-24,4032.37,Bank Transfer,Partner Z
P00025,2022-01-25,3407.35,Credit Card,Partner Y
P00026,2022-01-26,3953.0,PayPal,Partner Y
P00027,2022-01-27,1461.31,Cash,Partner Y
P00028,2022-01-28,2289.4,Credit Card,Partner Z
P00029,2022-01-29,4813.26,Bank Transfer,Partner W
P00030,2022-01-30,2806.62,Cash,Partner W
P00031,2022-01-31,3822.95,Cash,Partner Z
P00032,2022-02-01,1900.81,Credit Card,Partner Z
P00033,2022-02-02,1926.43,Credit Card,Partner W
P00034,2022-02-03,571.05,Cash,Partner Z
P00035,2022-02-04,4153.08,PayPal,Partner Z
P00036,2022-02-05,1874.21,Cash,Partner Y
P00037,2022-02-06,1974.41,Credit Card,Partner X
P00038,2022-02-07,3050.19,Bank Transfer,Partner X
P00039,2022-02-08,4226.8,Cash,Partner Z
P00040,2022-02-09,2185.23,PayPal,Partner X
P00041,2022-02-10,1060.76,PayPal,Partner W
P00042,2022-02-11,3680.9,Credit Card,Partner W
P00043,2022-02-12,1579.15,Credit Card,Partner Y
P00044,2022-02-13,2726.86,Bank Transfer,Partner Z
P00045,2022-02-14,1959.07,PayPal,Partner Z
P00046,2022-02-15,4123.59,Cash,Partner X
P00047,2022-02-16,1108.2,Cash,Partner Z
P00048,2022-02-17,643.03,Bank Transfer,Partner W
P00049,2022-02-18,2993.93,PayPal,Partner W
P00050,2022-02-19,2986.6,PayPal,Partner W
P00051,2022-02-20,1857.12,Bank Transfer,Partner X
P00052,2022-02-21,3725.36,PayPal,Partner Z
P00053,2022-02-22,938.97,PayPal,Partner Y
P00054,2022-02-23,4645.87,PayPal,Partner W
P00055,2022-02-24,2579.11,Credit Card,Partner Z
P00056,2022-02-25,2209.16,Bank Transfer,Partner X
P00057,2022-02-26,1353.18,Cash,Partner Y
P00058,2022-02-27,1513.25,PayPal,Partner X
P00059,2022-02-28,2001.15,PayPal,Partner Y
P00060,2022-03-01,807.39,Bank Transfer,Partner Z
P00061,2022-03-02,2464.99,Credit Card,Partner X
P00062,2022-03-03,3028.0,Cash,Partner Y
P00063,2022-03-04,4849.7,Bank Transfer,Partner W
P00064,2022-03-05,2135.28,PayPal,Partner Y
P00065,2022-03-06,2272.76,Credit Card,Partner Y
P00066,2022-03-07,941.17,PayPal,Partner Y
P00067,2022-03-08,2056.44,Cash,Partner Z
P00068,2022-03-09,4470.19,PayPal,Partner X
P00069,2022-03-10,3237.73,Cash,Partner W
P00070,2022-03-11,1572.32,Cash,Partner W
P00071,2022-03-12,4082.94,Cash,Partner Y
P00072,2022-03-13,940.89,Credit Card,Partner Y
P00073,2022-03-14,1092.71,Bank Transfer,Partner W
P00074,2022-03-15,884.5,Bank Transfer,Partner X
P00075,2022-03-16,629.13,PayPal,Partner Y
P00076,2022-03-17,4562.07,PayPal,Partner X
P00077,2022-03-18,922.86,Cash,Partner Z
P00078,2022-03-19,3955.11,Bank Transfer,Partner Y
P00079,2022-03-20,1080.15,Cash,Partner W
P00080,2022-03-21,4235.79,Cash,Partner W
P00081,2022-03-22,2627.5,Cash,Partner W
P00082,2022-03-23,747.23,Credit Card,Partner Y
P00083,2022-03-24,2985.2,PayPal,Partner X
P00084,2022-03-25,4659.4,PayPal,Partner Y
P00085,2022-03-26,2079.71,PayPal,Partner X
P00086,2022-03-27,4627.78,Credit Card,Partner Z
P00087,2022-03-28,559.51,PayPal,Partner W
P00088,2022-03-29,4007.61,Bank Transfer,Partner Z
P00089,2022-03-30,3627.87,Cash,Partner Z
P00090,2022-03-31,2176.99,PayPal,Partner Y
P00091,2022-04-01,2084.96,Bank Transfer,Partner W
P00092,2022-04-02,3411.15,Credit Card,Partner Z
P00093,2022-04-03,1678.77,Credit Card,Partner X
P00094,2022-04-04,1189.56,PayPal,Partner Z
P00095,2022-04-05,1195.57,Bank Transfer,Partner Z
P00096,2022-04-06,2678.26,PayPal,Partner Z
P00097,2022-04-07,4615.04,Credit Card,Partner W
P00098,2022-04-08,2492.36,PayPal,Partner Z
P00099,2022-04-09,1508.64,PayPal,Partner W
P00100,2022-04-10,2668.28,Cash,Partner W
P00101,2022-04-11,4382.52,PayPal,Partner W
P00102,2022-04-12,2095.14,Bank Transfer,Partner W
P00103,2022-04-13,1531.58,Credit Card,Partner W
P00104,2022-04-14,3054.07,Credit Card,Partner X
P00105,2022-04-15,1541.2,Cash,Partner Y
P00106,2022-04-16,3521.61,Cash,Partner Z
P00107,2022-04-17,692.89,Credit Card,Partner X
P00108,2022-04-18,4423.79,PayPal,Partner W
P00109,2022-04-19,1513.83,PayPal,Partner Y
P00110,2022-04-20,3919.68,Credit Card,Partner W
P00111,2022-04-21,1781.75,PayPal,Partner Y
P00112,2022-04-22,3162.18,Cash,Partner Z
P00113,2022-04-23,887.06,Cash,Partner X
P00114,2022-04-24,826.45,Bank Transfer,Partner X
P00115,2022-04-25,1783.91,Credit Card,Partner X
P00116,2022-04-26,1707.11,Bank Transfer,Partner Y
P00117,2022-04-27,563.14,Bank Transfer,Partner Y
P00118,2022-04-28,4707.35,Credit Card,Partner X
P00119,2022-04-29,2624.88,Bank Transfer,Partner Z
P00120,2022-04-30,3530.89,PayPal,Partner W
P00121,2022-05-01,3088.49,Cash,Partner Z
P00122,2022-05-02,4960.74,Bank Transfer,Partner W
P00123,2022-05-03,4682.13,Bank Transfer,Partner W
P00124,2022-05-04,4787.31,Bank Transfer,Partner Y
P00125,2022-05-05,728.09,Credit Card,Partner Z
P00126,2022-05-06,757.09,Bank Transfer,Partner X
P00127,2022-05-07,1029.65,Bank Transfer,Partner X
P00128,2022-05-08,3256.29,Cash,Partner Y
P00129,2022-05-09,2119.5,Cash,Partner Y
P00130,2022-05-10,3870.17,PayPal,Partner X
P00131,2022-05-11,2483.16,Bank Transfer,Partner Z
P00132,2022-05-12,3184.75,Credit Card,Partner W
P00133,2022-05-13,1120.12,Bank Transfer,Partner Y
P00134,2022-05-14,3255.86,PayPal,Partner Z
P00135,2022-05-15,1447.46,Credit Card,Partner Z
P00136,2022-05-16,3658.7,PayPal,Partner Y
P00137,2022-05-17,1291.46,Cash,Partner Z
P00138,2022-05-18,1066.79,Credit Card,Partner Y
P00139,2022-05-19,3317.24,Cash,Partner Y
P00140,2022-05-20,1426.93,Cash,Partner Z
P00141,2022-05-21,3985.26,PayPal,Partner W
P00142,2022-05-22,1831.95,PayPal,Partner X
P00143,2022-05-23,4587.57,Credit Card,Partner W
P00144,2022-05-24,2991.19,Bank Transfer,Partner W
P00145,2022-05-25,1453.87,Bank Transfer,Partner X
P00146,2022-05-26,1917.04,Cash,Partner Z
P00147,2022-05-27,2846.17,Credit Card,Partner W
P00148,2022-05-28,1506.34,Cash,Partner X
P00149,2022-05-29,2807.39,PayPal,Partner W
P00150,2022-05-30,2016.35,Bank Transfer,Partner W
P00151,2022-05-31,1866.38,Bank Transfer,Partner X
P00152,2022-06-01,1923.79,Cash,Partner Y
P00153,2022-06-02,2342.04,Credit Card,Partner X
P00154,2022-06-03,4060.78,PayPal,Partner X
P00155,2022-06-04,2105.9,PayPal,Partner Z
P00156,2022-06-05,2493.59,Cash,Partner Z
P00157,2022-06-06,2442.91,PayPal,Partner Y
P00158,2022-06-07,2081.22,Credit Card,Partner X
P00159,2022-06-08,806.49,Credit Card,Partner Z
P00160,2022-06-09,1240.94,PayPal,Partner Z
P00161,2022-06-10,1421.31,Cash,Partner W
P00162,2022-06-11,1792.94,PayPal,Partner Z
P00163,2022-06-12,3222.47,PayPal,Partner Y
P00164,2022-06-13,536.67,PayPal,Partner X
P00165,2022-06-14,3691.47,PayPal,Partner Z
P00166,2022-06-15,2796.0,Cash,Partner X
P00167,2022-06-16,2369.08,Cash,Partner W
P00168,2022-06-17,601.63,Bank Transfer,Partner W
P00169,2022-06-18,1679.94,PayPal,Partner X
P00170,2022-06-19,2828.39,PayPal,Partner Y
P00171,2022-06-20,1371.17,Bank Transfer,Partner X
P00172,2022-06-21,1439.62,Cash,Partner Z
P00173,2022-06-22,3780.65,Credit Card,Partner Z
P00174,2022-06-23,3958.5,Bank Transfer,Partner X
P00175,2022-06-24,1633.86,Bank Transfer,Partner X
P00176,2022-06-25,2884.82,PayPal,Partner X
P00177,2022-06-26,2988.08,Bank Transfer,Partner W
P00178,2022-06-27,4320.12,PayPal,Partner W
P00179,2022-06-28,3659.87,Cash,Partner W
P00180,2022-06-29,4327.88,Bank Transfer,Partner W
P00181,2022-06-30,4081.94,PayPal,Partner Z
P00182,2022-07-01,3364.64,Credit Card,Partner X
P00183,2022-07-02,4738.62,PayPal,Partner X
P00184,2022-07-03,593.0,Credit Card,Partner Y
P00185,2022-07-04,3861.1,PayPal,Partner Z
P00186,2022-07-05,2497.96,Cash,Partner Z
P00187,2022-07-06,3784.96,Cash,Partner W
P00188,2022-07-07,3773.6,PayPal,Partner X
P00189,2022-07-08,4761.41,Bank Transfer,Partner Z
P00190,2022-07-09,3113.42,Credit Card,Partner W
P00191,2022-07-10,2559.28,Bank Transfer,Partner X
P00192,2022-07-11,1305.57,PayPal,Partner Y
P00193,2022-07-12,1782.99,PayPal,Partner Y
P00194,2022-07-13,3297.61,PayPal,Partner X
P00195,2022-07-14,730.01,Cash,Partner Z
P00196,2022-07-15,2146.53,PayPal,Partner Z
P00197,2022-07-16,4843.68,PayPal,Partner W
P00198,2022-07-17,2286.36,Credit Card,Partner Y
P00199,2022-07-18,1692.91,Bank Transfer,Partner W
P00200,2022-07-19,4099.76,PayPal,Partner X
P00201,2022-07-20,1100.46,Bank Transfer,Partner X
P00202,2022-07-21,2699.11,Bank Transfer,Partner Y
P00203,2022-07-22,3658.5,Bank Transfer,Partner Z
P00204,2022-07-23,2125.05,PayPal,Partner X
P00205,2022-07-24,4379.03,Credit Card,Partner Y
P00206,2022-07-25,1134.26,Credit Card,Partner W
P00207,2022-07-26,1654.98,Bank Transfer,Partner W
P00208,2022-07-27,2673.25,Credit Card,Partner Y
P00209,2022-07-28,1228.68,Credit Card,Partner Z
P00210,2022-07-29,2180.97,Credit Card,Partner Y
P00211,2022-07-30,2746.7,Credit Card,Partner W
P00212,2022-07-31,1718.23,Credit Card,Partner X
P00213,2022-08-01,3593.45,Bank Transfer,Partner Z
P00214,2022-08-02,2122.38,PayPal,Partner Z
P00215,2022-08-03,4333.81,Credit Card,Partner X
P00216,2022-08-04,606.12,PayPal,Partner Y
P00217,2022-08-05,4167.91,PayPal,Partner Z
P00218,2022-08-06,1209.86,Bank Transfer,Partner Z
P00219,2022-08-07,2831.48,Cash,Partner W
P00220,2022-08-08,3797.45,PayPal,Partner X
P00221,2022-08-09,1917.16,Cash,Partner Z
P00222,2022-08-10,4877.05,Bank Transfer,Partner W
P00223,2022-08-11,4990.02,Credit Card,Partner Y
P00224,2022-08-12,719.33,PayPal,Partner X
P00225,2022-08-13,2294.21,Credit Card,Partner Y
P00226,2022-08-14,2642.07,PayPal,Partner W
P00227,2022-08-15,4360.97,Bank Transfer,Partner W
P00228,2022-08-16,4020.62,PayPal,Partner Y
P00229,2022-08-17,1149.69,Cash,Partner X
P00230,2022-08-18,4808.89,Bank Transfer,Partner Y
P00231,2022-08-19,3720.57,Bank Transfer,Partner X
P00232,2022-08-20,2598.89,Bank Transfer,Partner X
P00233,2022-08-21,1710.23,Bank Transfer,Partner X
P00234,2022-08-22,3479.97,Bank Transfer,Partner W
P00235,2022-08-23,3673.84,PayPal,Partner Z
P00236,2022-08-24,2832.76,Credit Card,Partner W
P00237,2022-08-25,3480.43,Bank Transfer,Partner X
P00238,2022-08-26,2708.28,PayPal,Partner Y
P00239,2022-08-27,927.42,Credit Card,Partner W
P00240,2022-08-28,4001.67,Bank Transfer,Partner W
P00241,2022-08-29,3938.68,Credit Card,Partner X
P00242,2022-08-30,2397.97,Credit Card,Partner W
P00243,2022-08-31,4080.89,PayPal,Partner Y
P00244,2022-09-01,1391.22,PayPal,Partner Z
P00245,2022-09-02,2182.61,Credit Card,Partner X
P00246,2022-09-03,4501.19,Credit Card,Partner Y
P00247,2022-09-04,4255.51,PayPal,Partner X
P00248,2022-09-05,571.46,PayPal,Partner Z
P00249,2022-09-06,3422.86,Bank Transfer,Partner Y
P00250,2022-09-07,2266.92,Bank Transfer,Partner Y
P00251,2022-09-08,2058.45,Bank Transfer,Partner X
P00252,2022-09-09,3882.5,PayPal,Partner Z
P00253,2022-09-10,2393.59,Credit Card,Partner Y
P00254,2022-09-11,1538.81,Cash,Partner X
P00255,2022-09-12,1107.49,Credit Card,Partner W
P00256,2022-09-13,4289.07,PayPal,Partner X
P00257,2022-09-14,2961.11,PayPal,Partner Y
P00258,2022-09-15,3568.57,Cash,Partner W
P00259,2022-09-16,1123.91,PayPal,Partner X
P00260,2022-09-17,4782.72,Cash,Partner Y
P00261,2022-09-18,4068.22,Cash,Partner Y
P00262,2022-09-19,1954.49,Credit Card,Partner X
P00263,2022-09-20,1748.11,Credit Card,Partner X
P00264,2022-09-21,4858.17,Bank Transfer,Partner X
P00265,2022-09-22,2954.47,Cash,Partner X
P00266,2022-09-23,1855.48,Credit Card,Partner Z
P00267,2022-09-24,3683.15,Credit Card,Partner X
P00268,2022-09-25,1738.16,Credit Card,Partner Y
P00269,2022-09-26,3664.63,Credit Card,Partner X
P00270,2022-09-27,1424.62,Bank Transfer,Partner Z
P00271,2022-09-28,2144.33,PayPal,Partner W
P00272,2022-09-29,955.24,Credit Card,Partner Z
P00273,2022-09-30,3061.81,Cash,Partner X
P00274,2022-10-01,4380.34,Credit Card,Partner W
P00275,2022-10-02,4120.04,Cash,Partner W
P00276,2022-10-03,1538.64,Cash,Partner X
P00277,2022-10-04,3871.06,Credit Card,Partner Z
P00278,2022-10-05,2326.21,Bank Transfer,Partner X
P00279,2022-10-06,4982.49,Credit Card,Partner Z
P00280,2022-10-07,2060.81,Bank Transfer,Partner Y
P00281,2022-10-08,3787.05,Credit Card,Partner Y
P00282,2022-10-09,1388.26,Cash,Partner Z
P00283,2022-10-10,4876.79,Credit Card,Partner Z
P00284,2022-10-11,3151.45,Credit Card,Partner W
P00285,2022-10-12,2056.61,Bank Transfer,Partner X
P00286,2022-10-13,2245.13,Bank Transfer,Partner Z
P00287,2022-10-14,1135.32,Cash,Partner W
P00288,2022-10-15,2953.8,Bank Transfer,Partner X
P00289,2022-10-16,2595.94,Credit Card,Partner Z
P00290,2022-10-17,2118.88,Bank Transfer,Partner Y
P00291,2022-10-18,2342.06,Bank Transfer,Partner Z
P00292,2022-10-19,3421.42,Bank Transfer,Partner Z
P00293,2022-10-20,2516.62,Bank Transfer,Partner Z
P00294,2022-10-21,3696.12,PayPal,Partner X
P00295,2022-10-22,1388.21,Bank Transfer,Partner X
P00296,2022-10-23,3652.23,PayPal,Partner W
P00297,2022-10-24,1626.07,PayPal,Partner Z
P00298,2022-10-25,4571.39,Bank Transfer,Partner W
P00299,2022-10-26,4018.19,Bank Transfer,Partner W
P00300,2022-10-27,2971.53,Bank Transfer,Partner X
P00301,2022-10-28,2426.74,Credit Card,Partner X
P00302,2022-10-29,1880.08,Credit Card,Partner Z
P00303,2022-10-30,2953.87,Bank Transfer,Partner Y
P00304,2022-10-31,1746.18,PayPal,Partner Z
P00305,2022-11-01,4484.26,PayPal,Partner X
P00306,2022-11-02,1283.9,Bank Transfer,Partner X
P00307,2022-11-03,3385.48,Cash,Partner Z
P00308,2022-11-04,1920.74,Cash,Partner Z
P00309,2022-11-05,3082.75,Credit Card,Partner Y
P00310,2022-11-06,1290.14,Cash,Partner Z
P00311,2022-11-07,3746.66,Bank Transfer,Partner Y
P00312,2022-11-08,3486.05,Credit Card,Partner X
P00313,2022-11-09,4600.44,Credit Card,Partner Y
P00314,2022-11-10,576.49,Bank Transfer,Partner X
P00315,2022-11-11,2752.31,Credit Card,Partner W
P00316,2022-11-12,1874.77,Cash,Partner Y
P00317,2022-11-13,2185.5,Cash,Partner Y
P00318,2022-11-14,2312.31,Cash,Partner Y
P00319,2022-11-15,4783.85,PayPal,Partner X
P00320,2022-11-16,3285.64,Bank Transfer,Partner Y
P00321,2022-11-17,2640.49,Cash,Partner Y
P00322,2022-11-18,1120.05,PayPal,Partner Y
P00323,2022-11-19,4111.95,Cash,Partner Y
P00324,2022-11-20,4737.49,Cash,Partner X
P00325,2022-11-21,4709.74,Credit Card,Partner Z
P00326,2022-11-22,3150.75,PayPal,Partner W
P00327,2022-11-23,889.78,Bank Transfer,Partner W
P00328,2022-11-24,1672.88,Cash,Partner Z
P00329,2022-11-25,3030.59,Cash,Partner W
P00330,2022-11-26,3918.53,Credit Card,Partner Y
P00331,2022-11-27,1981.47,Cash,Partner W
P00332,2022-11-28,3152.43,Credit Card,Partner Z
P00333,2022-11-29,1236.64,Bank Transfer,Partner W
P00334,2022-11-30,992.83,PayPal,Partner Y
P00335,2022-12-01,2904.16,PayPal,Partner Z
P00336,2022-12-02,1918.83,PayPal,Partner X
P00337,2022-12-03,2261.85,Bank Transfer,Partner Z
P00338,2022-12-04,3301.81,PayPal,Partner Y
P00339,2022-12-05,2073.16,Cash,Partner X
P00340,2022-12-06,4108.94,PayPal,Partner Z
P00341,2022-12-07,4184.83,Cash,Partner X
P00342,2022-12-08,866.97,Credit Card,Partner Z
P00343,2022-12-09,1417.11,Cash,Partner Y
P00344,2022-12-10,3158.2,Bank Transfer,Partner X
P00345,2022-12-11,4042.14,Credit Card,Partner W
P00346,2022-12-12,1220.12,PayPal,Partner Y
P00347,2022-12-13,3360.44,Cash,Partner X
P00348,2022-12-14,2659.88,Bank Transfer,Partner Y
P00349,2022-12-15,3365.91,Cash,Partner W
P00350,2022-12-16,713.43,Credit Card,Partner Z
P00351,2022-12-17,4741.4,Bank Transfer,Partner X
P00352,2022-12-18,1878.25,Credit Card,Partner Z
P00353,2022-12-19,2555.6,Cash,Partner W
P00354,2022-12-20,1001.83,PayPal,Partner W
P00355,2022-12-21,3831.3,Credit Card,Partner W
P00356,2022-12-22,986.29,PayPal,Partner Z
P00357,2022-12-23,2717.16,Credit Card,Partner Y
P00358,2022-12-24,2645.75,Credit Card,Partner Y
P00359,2022-12-25,1082.78,Cash,Partner X
P00360,2022-12-26,2930.28,Credit Card,Partner W
P00361,2022-12-27,4500.72,Cash,Partner Z
P00362,2022-12-28,937.73,Credit Card,Partner X
P00363,2022-12-29,4338.48,Credit Card,Partner Y
P00364,2022-12-30,4441.91,Bank Transfer,Partner Y
P00365,2022-12-31,3519.56,Bank Transfer,Partner W
P00366,2022-01-01,1849.04,Credit Card,Partner Z
P00367,2022-01-02,1393.72,Bank Transfer,Partner Z
P00368,2022-01-03,3988.73,Credit Card,Partner Y
P00369,2022-01-04,3447.14,PayPal,Partner Z
P00370,2022-01-05,846.04,PayPal,Partner X
P00371,2022-01-06,1066.84,Bank Transfer,Partner X
P00372,2022-01-07,4574.4,Cash,Partner Y
P00373,2022-01-08,1141.76,PayPal,Partner Y
P00374,2022-01-09,2924.59,PayPal,Partner W
P00375,2022-01-10,3889.52,PayPal,Partner Y
P00376,2022-01-11,4840.05,Cash,Partner Y
P00377,2022-01-12,1297.98,Bank Transfer,Partner Z
P00378,2022-01-13,1600.45,Credit Card,Partner Y
P00379,2022-01-14,2027.45,Credit Card,Partner Y
P00380,2022-01-15,3586.49,PayPal,Partner Y
P00381,2022-01-16,2746.79,Bank Transfer,Partner Y
P00382,2022-01-17,4453.96,Bank Transfer,Partner Z
P00383,2022-01-18,775.14,PayPal,Partner Y
P00384,2022-01-19,1708.11,Credit Card,Partner W
P00385,2022-01-20,670.68,PayPal,Partner W
P00386,2022-01-21,3477.9,Credit Card,Partner W
P00387,2022-01-22,1406.76,Bank Transfer,Partner Z
P00388,2022-01-23,4029.7,PayPal,Partner Y
P00389,2022-01-24,3641.37,Credit Card,Partner W
P00390,2022-01-25,3855.63,Credit Card,Partner W
P00391,2022-01-26,2307.87,Cash,Partner W
P00392,2022-01-27,2990.72,Bank Transfer,Partner Y
P00393,2022-01-28,3895.62,PayPal,Partner W
P00394,2022-01-29,4897.06,Credit Card,Partner Y
P00395,2022-01-30,4341.19,PayPal,Partner X
P00396,2022-01-31,3334.82,PayPal,Partner W
P00397,2022-02-01,1903.08,PayPal,Partner W
P00398,2022-02-02,3615.12,Cash,Partner Y
P00399,2022-02-03,3440.42,Credit Card,Partner Z
P00400,2022-02-04,4114.94,Credit Card,Partner Y
P00401,2022-02-05,2566.58,Cash,Partner X
P00402,2022-02-06,2591.87,PayPal,Partner Y
P00403,2022-02-07,3410.61,Cash,Partner Z
P00404,2022-02-08,1659.85,Cash,Partner Y
P00405,2022-02-09,4191.36,Cash,Partner W
P00406,2022-02-10,2090.53,Credit Card,Partner X
P00407,2022-02-11,2530.2,PayPal,Partner X
P00408,2022-02-12,2024.95,Cash,Partner Y
P00409,2022-02-13,4644.54,Cash,Partner Z
P00410,2022-02-14,4084.35,PayPal,Partner W
P00411,2022-02-15,3509.61,PayPal,Partner Z
P00412,2022-02-16,1863.37,Bank Transfer,Partner Z
P00413,2022-02-17,783.64,Cash,Partner X
P00414,2022-02-18,1961.36,PayPal,Partner W
P00415,2022-02-19,1527.25,PayPal,Partner W
P00416,2022-02-20,3366.33,Bank Transfer,Partner Z
P00417,2022-02-21,2641.12,Bank Transfer,Partner Z
P00418,2022-02-22,1696.81,PayPal,Partner Z
P00419,2022-02-23,3435.94,PayPal,Partner W
P00420,2022-02-24,4618.56,Cash,Partner Z
P00421,2022-02-25,3305.67,Bank Transfer,Partner X
P00422,2022-02-26,3641.06,Cash,Partner W
P00423,2022-02-27,1594.76,PayPal,Partner X
P00424,2022-02-28,1441.56,Credit Card,Partner X
P00425,2022-03-01,4103.13,Bank Transfer,Partner Y
P00426,2022-03-02,2000.33,Credit Card,Partner X
P00427,2022-03-03,2308.5,Credit Card,Partner Z
P00428,2022-03-04,1302.15,Cash,Partner W
P00429,2022-03-05,4169.66,Credit Card,Partner Y
P00430,2022-03-06,4347.89,PayPal,Partner X
P00431,2022-03-07,4342.22,Bank Transfer,Partner W
P00432,2022-03-08,1580.41,Credit Card,Partner Z
P00433,2022-03-09,4604.28,Cash,Partner Y
P00434,2022-03-10,4030.37,Bank Transfer,Partner Z
P00435,2022-03-11,3672.14,Cash,Partner Z
P00436,2022-03-12,683.02,Bank Transfer,Partner Z
P00437,2022-03-13,2690.08,PayPal,Partner W
P00438,2022-03-14,3747.78,Cash,Partner X
P00439,2022-03-15,3872.71,PayPal,Partner X
P00440,2022-03-16,2548.26,Bank Transfer,Partner X
P00441,2022-03-17,3813.39,PayPal,Partner Y
P00442,2022-03-18,759.35,Cash,Partner Y
P00443,2022-03-19,2226.29,Credit Card,Partner Y
P00444,2022-03-20,4944.52,PayPal,Partner W
P00445,2022-03-21,3546.19,Cash,Partner Y
P00446,2022-03-22,4542.68,PayPal,Partner X
P00447,2022-03-23,2011.41,Cash,Partner W
P00448,2022-03-24,2304.91,Cash,Partner X
P00449,2022-03-25,3257.45,PayPal,Partner W
P00450,2022-03-26,4080.25,Bank Transfer,Partner Y
P00451,2022-03-27,1337.94,PayPal,Partner X
P00452,2022-03-28,1850.61,PayPal,Partner Z
P00453,2022-03-29,2460.57,Bank Transfer,Partner W
P00454,2022-03-30,2627.5,Cash,Partner Z
P00455,2022-03-31,4460.58,Credit Card,Partner X
P00456,2022-04-01,2416.89,Credit Card,Partner W
P00457,2022-04-02,1550.27,Bank Transfer,Partner Z
P00458,2022-04-03,4765.45,Bank Transfer,Partner W
P00459,2022-04-04,2842.33,PayPal,Partner W
P00460,2022-04-05,1947.26,Cash,Partner W
P00461,2022-04-06,3565.32,PayPal,Partner Y
P00462,2022-04-07,2455.83,PayPal,Partner Z
P00463,2022-04-08,2580.77,PayPal,Partner X
P00464,2022-04-09,4506.55,Bank Transfer,Partner Y
P00465,2022-04-10,1612.9,Bank Transfer,Partner Y
P00466,2022-04-11,1515.17,Credit Card,Partner X
P00467,2022-04-12,1801.62,Bank Transfer,Partner Y
P00468,2022-04-13,2226.43,Cash,Partner W
P00469,2022-04-14,3779.43,Bank Transfer,Partner Y
P00470,2022-04-15,2059.57,Bank Transfer,Partner W
P00471,2022-04-16,3026.62,Credit Card,Partner Y
P00472,2022-04-17,2283.7,Credit Card,Partner W
P00473,2022-04-18,1283.81,PayPal,Partner Z
P00474,2022-04-19,3427.3,Credit Card,Partner W
P00475,2022-04-20,3096.93,PayPal,Partner Y
P00476,2022-04-21,4717.56,Bank Transfer,Partner Z
P00477,2022-04-22,2487.86,Bank Transfer,Partner Y
P00478,2022-04-23,3061.2,Bank Transfer,Partner X
P00479,2022-04-24,3828.26,Cash,Partner W
P00480,2022-04-25,4744.09,PayPal,Partner X
P00481,2022-04-26,1845.07,Credit Card,Partner Z
P00482,2022-04-27,4787.55,Cash,Partner Y
P00483,2022-04-28,3864.22,Credit Card,Partner Z
P00484,2022-04-29,3983.82,Credit Card,Partner Y
P00485,2022-04-30,3532.46,Bank Transfer,Partner W
P00486,2022-05-01,4423.11,Credit Card,Partner Z
P00487,2022-05-02,4190.8,Credit Card,Partner W
P00488,2022-05-03,3469.75,Bank Transfer,Partner Z
P00489,2022-05-04,1476.68,Bank Transfer,Partner X
P00490,2022-05-05,3715.56,Credit Card,Partner X
P00491,2022-05-06,3663.27,Cash,Partner Z
P00492,2022-05-07,2233.0,PayPal,Partner W
P00493,2022-05-08,2899.07,Credit Card,Partner Z
P00494,2022-05-09,4060.27,PayPal,Partner W
P00495,2022-05-10,4242.25,Cash,Partner X
P00496,2022-05-11,3021.8,Bank Transfer,Partner X
P00497,2022-05-12,3866.06,PayPal,Partner Z
P00498,2022-05-13,2591.58,Credit Card,Partner X
P00499,2022-05-14,2536.25,Cash,Partner Z
P00500,2022-05-15,3356.83,Cash,Partner X
P00501,2022-05-16,1673.44,Bank Transfer,Partner Y
P00502,2022-05-17,2167.8,PayPal,Partner W
P00503,2022-05-18,2835.7,PayPal,Partner Z
P00504,2022-05-19,748.84,Bank Transfer,Partner X
P00505,2022-05-20,4599.94,Bank Transfer,Partner W
P00506,2022-05-21,2407.54,PayPal,Partner W
P00507,2022-05-22,3230.7,Bank Transfer,Partner W
P00508,2022-05-23,4208.21,Cash,Partner W
P00509,2022-05-24,3544.73,Cash,Partner Y
P00510,2022-05-25,4214.55,PayPal,Partner W
P00511,2022-05-26,930.75,Bank Transfer,Partner Z
P00512,2022-05-27,4529.69,Credit Card,Partner X
P00513,2022-05-28,1966.68,Credit Card,Partner Z
P00514,2022-05-29,3389.07,Cash,Partner Z
P00515,2022-05-30,875.66,Credit Card,Partner Z
P00516,2022-05-31,1700.37,Cash,Partner X
P00517,2022-06-01,1403.73,Credit Card,Partner Z
P00518,2022-06-02,3559.49,Credit Card,Partner X
P00519,2022-06-03,1988.46,Cash,Partner Z
P00520,2022-06-04,3630.87,PayPal,Partner Z
P00521,2022-06-05,812.63,Bank Transfer,Partner W
P00522,2022-06-06,3615.01,Cash,Partner W
P00523,2022-06-07,1428.96,Cash,Partner Y
P00524,2022-06-08,3739.23,Bank Transfer,Partner Z
P00525,2022-06-09,3478.14,PayPal,Partner Y
P00526,2022-06-10,3820.25,Bank Transfer,Partner X
P00527,2022-06-11,2172.1,Cash,Partner X
P00528,2022-06-12,2390.84,Bank Transfer,Partner W
P00529,2022-06-13,3481.67,Cash,Partner Z
P00530,2022-06-14,3601.07,Credit Card,Partner X
P00531,2022-06-15,2005.41,Credit Card,Partner W
P00532,2022-06-16,1515.16,PayPal,Partner X
P00533,2022-06-17,2955.94,Bank Transfer,Partner Y
P00534,2022-06-18,1060.66,PayPal,Partner Y
P00535,2022-06-19,3698.59,PayPal,Partner W
P00536,2022-06-20,1281.83,PayPal,Partner Z
P00537,2022-06-21,4128.32,PayPal,Partner Z
P00538,2022-06-22,3129.92,Credit Card,Partner Z
P00539,2022-06-23,3362.5,PayPal,Partner W
P00540,2022-06-24,1445.65,PayPal,Partner Z
P00541,2022-06-25,4340.73,Bank Transfer,Partner W
P00542,2022-06-26,1328.7,PayPal,Partner Y
P00543,2022-06-27,737.49,Credit Card,Partner X
P00544,2022-06-28,2250.55,Credit Card,Partner Y
P00545,2022-06-29,1447.22,Cash,Partner X
P00546,2022-06-30,2611.78,PayPal,Partner Y
P00547,2022-07-01,4337.89,PayPal,Partner X
P00548,2022-07-02,3795.04,Bank Transfer,Partner Z
P00549,2022-07-03,689.48,Bank Transfer,Partner Y
P00550,2022-07-04,3956.53,Credit Card,Partner Y
P00551,2022-07-05,3840.42,Cash,Partner W
P00552,2022-07-06,4242.43,Bank Transfer,Partner W
P00553,2022-07-07,4481.77,Bank Transfer,Partner Y
P00554,2022-07-08,3869.64,PayPal,Partner W
P00555,2022-07-09,3400.12,PayPal,Partner W
P00556,2022-07-10,4956.98,PayPal,Partner Y
P00557,2022-07-11,2731.2,Credit Card,Partner Z
P00558,2022-07-12,1193.27,PayPal,Partner Y
P00559,2022-07-13,4365.76,PayPal,Partner Z
P00560,2022-07-14,4246.71,Credit Card,Partner Y
P00561,2022-07-15,4203.02,Credit Card,Partner Z
P00562,2022-07-16,1986.27,PayPal,Partner X
P00563,2022-07-17,1016.47,Cash,Partner X
P00564,2022-07-18,734.98,Cash,Partner X
P00565,2022-07-19,3392.02,Cash,Partner Y
P00566,2022-07-20,1512.46,Cash,Partner X
P00567,2022-07-21,4520.57,Bank Transfer,Partner X
P00568,2022-07-22,4124.13,PayPal,Partner Z
P00569,2022-07-23,3560.95,Bank Transfer,Partner Z
P00570,2022-07-24,2264.13,Credit Card,Partner Y
P00571,2022-07-25,3175.58,PayPal,Partner Y
P00572,2022-07-26,631.19,Cash,Partner Z
P00573,2022-07-27,4238.61,Credit Card,Partner Z
P00574,2022-07-28,1244.15,PayPal,Partner Z
P00575,2022-07-29,1196.46,Credit Card,Partner Z
P00576,2022-07-30,2948.79,Bank Transfer,Partner Y
P00577,2022-07-31,557.16,Bank Transfer,Partner Z
P00578,2022-08-01,1655.34,Bank Transfer,Partner Y
P00579,2022-08-02,3715.03,Credit Card,Partner Y
P00580,2022-08-03,3222.83,Bank Transfer,Partner W
P00581,2022-08-04,842.85,Cash,Partner X
P00582,2022-08-05,2742.97,Bank Transfer,Partner Y
P00583,2022-08-06,3390.42,Credit Card,Partner Z
P00584,2022-08-07,1845.2,PayPal,Partner Y
P00585,2022-08-08,3864.65,Cash,Partner Z
P00586,2022-08-09,3078.59,Bank Transfer,Partner X
P00587,2022-08-10,3474.23,Cash,Partner Y
P00588,2022-08-11,3985.02,PayPal,Partner Z
P00589,2022-08-12,1578.19,PayPal,Partner W
P00590,2022-08-13,2947.98,Bank Transfer,Partner Z
P00591,2022-08-14,4738.87,PayPal,Partner X
P00592,2022-08-15,2755.97,Credit Card,Partner X
P00593,2022-08-16,590.72,Cash,Partner W
P00594,2022-08-17,4356.06,Credit Card,Partner Y
P00595,2022-08-18,3619.06,Cash,Partner W
P00596,2022-08-19,2142.18,PayPal,Partner W
P00597,2022-08-20,3858.01,Bank Transfer,Partner X
P00598,2022-08-21,4495.94,Bank Transfer,Partner W
P00599,2022-08-22,1255.89,Credit Card,Partner W
P00600,2022-08-23,4084.22,Bank Transfer,Partner Y
P00601,2022-08-24,642.64,PayPal,Partner Z
P00602,2022-08-25,2134.16,Cash,Partner X
P00603,2022-08-26,1118.56,Credit Card,Partner Y
P00604,2022-08-27,2116.61,Cash,Partner X
P00605,2022-08-28,1816.38,PayPal,Partner Z
P00606,2022-08-29,2356.46,PayPal,Partner Y
P00607,2022-08-30,3708.67,Bank Transfer,Partner Z
P00608,2022-08-31,2897.11,Credit Card,Partner W
P00609,2022-09-01,1685.17,Credit Card,Partner Z
P00610,2022-09-02,2980.12,Cash,Partner W
P00611,2022-09-03,3673.92,Bank Transfer,Partner X
P00612,2022-09-04,4428.19,PayPal,Partner Y
P00613,2022-09-05,3557.32,Bank Transfer,Partner Z
P00614,2022-09-06,4870.92,Credit Card,Partner X
P00615,2022-09-07,2942.44,Credit Card,Partner Y
P00616,2022-09-08,924.38,Cash,Partner X
P00617,2022-09-09,4833.61,Cash,Partner Z
P00618,2022-09-10,1185.52,Cash,Partner Z
P00619,2022-09-11,2291.79,Credit Card,Partner Z
P00620,2022-09-12,4570.61,Cash,Partner Y
P00621,2022-09-13,1606.36,PayPal,Partner W
P00622,2022-09-14,4436.36,Bank Transfer,Partner Y
P00623,2022-09-15,3747.41,PayPal,Partner Y
P00624,2022-09-16,1629.12,Cash,Partner X
P00625,2022-09-17,2026.43,Cash,Partner X
P00626,2022-09-18,4080.18,Cash,Partner Y
P00627,2022-09-19,1150.73,PayPal,Partner X
P00628,2022-09-20,4520.82,Credit Card,Partner Z
P00629,2022-09-21,2992.95,Credit Card,Partner W
P00630,2022-09-22,4464.25,Credit Card,Partner X
P00631,2022-09-23,4549.01,Credit Card,Partner Y
P00632,2022-09-24,506.8,Cash,Partner Y
P00633,2022-09-25,534.88,Bank Transfer,Partner Z
P00634,2022-09-26,4082.37,PayPal,Partner W
P00635,2022-09-27,1451.01,Credit Card,Partner X
P00636,2022-09-28,1434.34,Credit Card,Partner Z
P00637,2022-09-29,3724.66,Bank Transfer,Partner Z
P00638,2022-09-30,1516.09,Bank Transfer,Partner X
P00639,2022-10-01,2882.84,Cash,Partner Z
P00640,2022-10-02,2394.77,PayPal,Partner Z
P00641,2022-10-03,1410.64,PayPal,Partner Z
P00642,2022-10-04,2506.41,Cash,Partner Z
P00643,2022-10-05,1842.23,Cash,Partner Y
P00644,2022-10-06,2934.95,PayPal,Partner Y
P00645,2022-10-07,3702.68,PayPal,Partner Y
P00646,2022-10-08,2207.19,Cash,Partner Y
P00647,2022-10-09,3055.74,Credit Card,Partner W
P00648,2022-10-10,3203.22,Credit Card,Partner W
P00649,2022-10-11,1101.33,Bank Transfer,Partner Z
P00650,2022-10-12,4744.76,Credit Card,Partner W
P00651,2022-10-13,2076.33,PayPal,Partner W
P00652,2022-10-14,1590.55,PayPal,Partner Y
P00653,2022-10-15,4603.79,Credit Card,Partner Z
P00654,2022-10-16,4126.5,Credit Card,Partner X
P00655,2022-10-17,3841.78,Credit Card,Partner X
P00656,2022-10-18,1100.99,Cash,Partner X
P00657,2022-10-19,2092.15,Cash,Partner X
P00658,2022-10-20,3097.22,Bank Transfer,Partner X
P00659,2022-10-21,1471.69,Cash,Partner X
P00660,2022-10-22,3311.06,PayPal,Partner Z
P00661,2022-10-23,3641.75,Credit Card,Partner Z
P00662,2022-10-24,3574.56,Credit Card,Partner Z
P00663,2022-10-25,1235.36,Cash,Partner Y
P00664,2022-10-26,866.53,PayPal,Partner Y
P00665,2022-10-27,1042.86,PayPal,Partner X
P00666,2022-10-28,4957.01,Bank Transfer,Partner Z
P00667,2022-10-29,1339.3,PayPal,Partner Y
P00668,2022-10-30,2263.18,Bank Transfer,Partner Y
P00669,2022-10-31,1367.53,PayPal,Partner Y
P00670,2022-11-01,1694.71,Cash,Partner X
P00671,2022-11-02,2348.8,Cash,Partner W
P00672,2022-11-03,3620.37,Cash,Partner W
P00673,2022-11-04,4267.82,Cash,Partner Z
P00674,2022-11-05,810.61,Credit Card,Partner X
P00675,2022-11-06,3183.09,Bank Transfer,Partner Y
P00676,2022-11-07,4061.33,PayPal,Partner W
P00677,2022-11-08,3041.62,Bank Transfer,Partner W
P00678,2022-11-09,3664.44,Cash,Partner X
P00679,2022-11-10,3977.56,Cash,Partner Z
P00680,2022-11-11,557.77,Bank Transfer,Partner Y
P00681,2022-11-12,1338.35,Cash,Partner Y
P00682,2022-11-13,3238.85,PayPal,Partner X
P00683,2022-11-14,3462.26,Bank Transfer,Partner Z
P00684,2022-11-15,1635.07,Bank Transfer,Partner X
P00685,2022-11-16,3198.5,Cash,Partner X
P00686,2022-11-17,1194.48,Bank Transfer,Partner Y
P00687,2022-11-18,4808.38,Cash,Partner X
P00688,2022-11-19,2304.93,PayPal,Partner Y
P00689,2022-11-20,2327.9,Credit Card,Partner X
P00690,2022-11-21,2926.99,PayPal,Partner Z
P00691,2022-11-22,1065.61,Credit Card,Partner Z
P00692,2022-11-23,2783.57,PayPal,Partner X
P00693,2022-11-24,3485.82,Bank Transfer,Partner Y
P00694,2022-11-25,4942.04,Credit Card,Partner Y
P00695,2022-11-26,3573.14,Bank Transfer,Partner Y
P00696,2022-11-27,2601.07,Credit Card,Partner Z
P00697,2022-11-28,1683.79,Cash,Partner Y
P00698,2022-11-29,1838.7,PayPal,Partner Z
P00699,2022-11-30,3024.6,Credit Card,Partner Z
P00700,2022-12-01,1363.56,Bank Transfer,Partner X
P00701,2022-12-02,4993.77,Cash,Partner Y
P00702,2022-12-03,871.17,PayPal,Partner Z
P00703,2022-12-04,1237.27,Cash,Partner W
P00704,2022-12-05,4473.74,PayPal,Partner W
P00705,2022-12-06,2211.71,Bank Transfer,Partner Y
P00706,2022-12-07,2118.2,PayPal,Partner Z
P00707,2022-12-08,3646.75,Bank Transfer,Partner Y
P00708,2022-12-09,3773.66,Bank Transfer,Partner Z
P00709,2022-12-10,3156.92,Credit Card,Partner Z
P00710,2022-12-11,4777.82,Credit Card,Partner Y
P00711,2022-12-12,1010.88,Credit Card,Partner X
P00712,2022-12-13,4034.27,Bank Transfer,Partner X
P00713,2022-12-14,3968.94,Credit Card,Partner Y
P00714,2022-12-15,2848.84,Bank Transfer,Partner Z
P00715,2022-12-16,1358.79,Credit Card,Partner Z
P00716,2022-12-17,3095.17,PayPal,Partner W
P00717,2022-12-18,4145.37,PayPal,Partner Z
P00718,2022-12-19,4230.79,Bank Transfer,Partner X
P00719,2022-12-20,4769.15,Bank Transfer,Partner X
P00720,2022-12-21,2324.84,Bank Transfer,Partner Z
P00721,2022-12-22,4667.99,Credit Card,Partner X
P00722,2022-12-23,3514.52,Cash,Partner X
P00723,2022-12-24,2527.76,Cash,Partner Z
P00724,2022-12-25,3621.79,Bank Transfer,Partner W
P00725,2022-12-26,3616.87,Bank Transfer,Partner Z
P00726,2022-12-27,2191.98,Cash,Partner Y
P00727,2022-12-28,4799.92,PayPal,Partner W
P00728,2022-12-29,1863.46,PayPal,Partner Z
P00729,2022-12-30,4564.25,Credit Card,Partner W
P00730,2022-12-31,3214.12,Bank Transfer,Partner Y
P00731,2022-01-01,2725.51,Bank Transfer,Partner Y
P00732,2022-01-02,2768.34,Bank Transfer,Partner Z
P00733,2022-01-03,4245.05,Credit Card,Partner Y
P00734,2022-01-04,3467.27,Cash,Partner Y
P00735,2022-01-05,3189.78,Cash,Partner X
P00736,2022-01-06,881.13,PayPal,Partner Y
P00737,2022-01-07,4494.25,Bank Transfer,Partner X
P00738,2022-01-08,2179.76,Credit Card,Partner Z
P00739,2022-01-09,4779.03,Cash,Partner X
P00740,2022-01-10,3241.37,Cash,Partner Y
P00741,2022-01-11,4458.89,Credit Card,Partner Y
P00742,2022-01-12,2779.5,Bank Transfer,Partner Z
P00743,2022-01-13,1530.2,Cash,Partner Y
P00744,2022-01-14,2298.7,Bank Transfer,Partner Y
P00745,2022-01-15,545.96,Cash,Partner Z
P00746,2022-01-16,3627.67,Bank Transfer,Partner X
P00747,2022-01-17,1900.17,Cash,Partner Y
P00748,2022-01-18,4021.76,Credit Card,Partner Y
P00749,2022-01-19,795.91,PayPal,Partner Z
P00750,2022-01-20,4134.31,PayPal,Partner X
P00751,2022-01-21,3179.06,Cash,Partner Y
P00752,2022-01-22,4918.79,Credit Card,Partner X
P00753,2022-01-23,3762.36,PayPal,Partner Z
P00754,2022-01-24,4702.05,Bank Transfer,Partner Z
P00755,2022-01-25,1161.09,PayPal,Partner X
P00756,2022-01-26,3715.6,Cash,Partner Z
P00757,2022-01-27,1595.21,Bank Transfer,Partner W
P00758,2022-01-28,1062.15,PayPal,Partner Y
P00759,2022-01-29,1996.7,Bank Transfer,Partner Y
P00760,2022-01-30,753.45,Credit Card,Partner W
P00761,2022-01-31,4105.51,PayPal,Partner Z
P00762,2022-02-01,3420.36,Bank Transfer,Partner Y
P00763,2022-02-02,3038.01,Credit Card,Partner Z
P00764,2022-02-03,2331.45,Credit Card,Partner Y
P00765,2022-02-04,3459.49,Cash,Partner X
P00766,2022-02-05,1621.33,Bank Transfer,Partner X
P00767,2022-02-06,1043.94,Cash,Partner X
P00768,2022-02-07,4496.62,Cash,Partner Z
P00769,2022-02-08,4776.8,Credit Card,Partner X
P00770,2022-02-09,3107.31,Cash,Partner W
P00771,2022-02-10,3781.83,PayPal,Partner Y
P00772,2022-02-11,3905.98,Bank Transfer,Partner Z
P00773,2022-02-12,1282.6,Cash,Partner X
P00774,2022-02-13,4375.38,PayPal,Partner X
P00775,2022-02-14,2176.37,PayPal,Partner Z
P00776,2022-02-15,1782.91,Cash,Partner Y
P00777,2022-02-16,2535.04,Bank Transfer,Partner Y
P00778,2022-02-17,2477.7,Bank Transfer,Partner W
P00779,2022-02-18,827.48,Bank Transfer,Partner Y
P00780,2022-02-19,840.05,Cash,Partner X
P00781,2022-02-20,2809.17,PayPal,Partner Z
P00782,2022-02-21,4659.59,PayPal,Partner Y
P00783,2022-02-22,954.82,PayPal,Partner X
P00784,2022-02-23,3777.04,PayPal,Partner W
P00785,2022-02-24,2807.65,Bank Transfer,Partner W
P00786,2022-02-25,1440.35,Credit Card,Partner W
P00787,2022-02-26,4060.35,PayPal,Partner W
P00788,2022-02-27,2845.09,Bank Transfer,Partner X
P00789,2022-02-28,2133.16,Bank Transfer,Partner W
P00790,2022-03-01,4600.24,Bank Transfer,Partner W
P00791,2022-03-02,3315.1,PayPal,Partner X
P00792,2022-03-03,2923.24,Bank Transfer,Partner W
P00793,2022-03-04,2417.15,Credit Card,Partner Y
P00794,2022-03-05,3606.67,Credit Card,Partner Z
P00795,2022-03-06,1185.96,Bank Transfer,Partner W
P00796,2022-03-07,870.64,PayPal,Partner W
P00797,2022-03-08,4265.0,Bank Transfer,Partner W
P00798,2022-03-09,1785.84,PayPal,Partner Z
P00799,2022-03-10,4816.69,Bank Transfer,Partner Y
P00800,2022-03-11,4629.5,Cash,Partner Y
P00801,2022-03-12,683.47,Credit Card,Partner X
P00802,2022-03-13,525.71,Cash,Partner W
P00803,2022-03-14,2581.13,Cash,Partner Z
P00804,2022-03-15,1745.63,Credit Card,Partner W
P00805,2022-03-16,4805.54,PayPal,Partner X
P00806,2022-03-17,4527.09,Cash,Partner Z
P00807,2022-03-18,4757.37,Credit Card,Partner Z
P00808,2022-03-19,3252.88,Cash,Partner Y
P00809,2022-03-20,3140.41,Credit Card,Partner Z
P00810,2022-03-21,4413.85,Cash,Partner Y
P00811,2022-03-22,3147.19,PayPal,Partner Y
P00812,2022-03-23,611.09,Credit Card,Partner X
P00813,2022-03-24,3623.95,Credit Card,Partner X
P00814,2022-03-25,1406.11,Cash,Partner X
P00815,2022-03-26,3248.21,Credit Card,Partner Y
P00816,2022-03-27,4311.71,Credit Card,Partner W
P00817,2022-03-28,950.74,Credit Card,Partner W
P00818,2022-03-29,3047.82,PayPal,Partner W
P00819,2022-03-30,1124.36,Bank Transfer,Partner Y
P00820,2022-03-31,1063.56,PayPal,Partner X
P00821,2022-04-01,4969.76,Credit Card,Partner Z
P00822,2022-04-02,1231.59,Credit Card,Partner W
P00823,2022-04-03,1202.76,PayPal,Partner Y
P00824,2022-04-04,4609.26,PayPal,Partner X
P00825,2022-04-05,4577.34,Bank Transfer,Partner Z
P00826,2022-04-06,933.52,PayPal,Partner Y
P00827,2022-04-07,1856.21,Cash,Partner W
P00828,2022-04-08,2434.4,PayPal,Partner Y
P00829,2022-04-09,4975.29,Bank Transfer,Partner W
P00830,2022-04-10,2237.61,Credit Card,Partner Z
P00831,2022-04-11,3196.8,Cash,Partner Y
P00832,2022-04-12,2117.29,Credit Card,Partner Y
P00833,2022-04-13,4509.22,Cash,Partner Y
P00834,2022-04-14,4431.99,Bank Transfer,Partner W
P00835,2022-04-15,649.24,Credit Card,Partner X
P00836,2022-04-16,2402.66,Bank Transfer,Partner Y
P00837,2022-04-17,4876.98,Cash,Partner W
P00838,2022-04-18,3789.23,Bank Transfer,Partner X
P00839,2022-04-19,3582.01,Cash,Partner Z
P00840,2022-04-20,4646.51,Bank Transfer,Partner Y
P00841,2022-04-21,2001.42,PayPal,Partner Y
P00842,2022-04-22,3103.79,PayPal,Partner Y
P00843,2022-04-23,1045.13,PayPal,Partner Y
P00844,2022-04-24,2119.21,PayPal,Partner Y
P00845,2022-04-25,3164.76,PayPal,Partner Z
P00846,2022-04-26,2056.58,Cash,Partner Y
P00847,2022-04-27,3455.42,Credit Card,Partner Y
P00848,2022-04-28,2000.08,Credit Card,Partner Y
P00849,2022-04-29,1454.25,Credit Card,Partner Y
P00850,2022-04-30,1430.28,Credit Card,Partner X
P00851,2022-05-01,2310.63,Credit Card,Partner Y
P00852,2022-05-02,2191.85,Cash,Partner W
P00853,2022-05-03,3789.88,PayPal,Partner Y
P00854,2022-05-04,4168.01,Credit Card,Partner W
P00855,2022-05-05,2194.7,PayPal,Partner X
P00856,2022-05-06,1730.47,Bank Transfer,Partner Y
P00857,2022-05-07,2641.81,Bank Transfer,Partner W
P00858,2022-05-08,3401.1,Bank Transfer,Partner W
P00859,2022-05-09,4505.31,Bank Transfer,Partner W
P00860,2022-05-10,4071.88,Cash,Partner X
P00861,2022-05-11,1167.26,Credit Card,Partner X
P00862,2022-05-12,670.73,Bank Transfer,Partner Y
P00863,2022-05-13,2644.19,Credit Card,Partner X
P00864,2022-05-14,2503.96,Bank Transfer,Partner Y
P00865,2022-05-15,3770.85,Cash,Partner W
P00866,2022-05-16,3365.52,Cash,Partner Y
P00867,2022-05-17,2590.69,PayPal,Partner W
P00868,2022-05-18,2137.58,Cash,Partner Z
P00869,2022-05-19,1425.46,Cash,Partner X
P00870,2022-05-20,4941.61,Cash,Partner Y
P00871,2022-05-21,3900.9,Cash,Partner Y
P00872,2022-05-22,3588.86,Credit Card,Partner Z
P00873,2022-05-23,3954.39,PayPal,Partner Z
P00874,2022-05-24,3925.02,PayPal,Partner W
P00875,2022-05-25,4508.79,Credit Card,Partner W
P00876,2022-05-26,4368.53,Credit Card,Partner Z
P00877,2022-05-27,1859.18,Bank Transfer,Partner X
P00878,2022-05-28,3942.45,Credit Card,Partner Y
P00879,2022-05-29,1006.78,Bank Transfer,Partner X
P00880,2022-05-30,4021.63,Cash,Partner Y
P00881,2022-05-31,4056.84,Cash,Partner X
P00882,2022-06-01,868.71,Cash,Partner X
P00883,2022-06-02,4890.11,Cash,Partner Z
P00884,2022-06-03,4756.7,Credit Card,Partner W
P00885,2022-06-04,1377.81,Bank Transfer,Partner Y
P00886,2022-06-05,1262.04,PayPal,Partner X
P00887,2022-06-06,2275.43,Credit Card,Partner X
P00888,2022-06-07,3670.1,Bank Transfer,Partner X
P00889,2022-06-08,3746.62,Bank Transfer,Partner Z
P00890,2022-06-09,2440.95,Bank Transfer,Partner Y
P00891,2022-06-10,4018.24,Credit Card,Partner Z
P00892,2022-06-11,2755.74,Credit Card,Partner W
P00893,2022-06-12,2180.84,PayPal,Partner W
P00894,2022-06-13,4119.61,PayPal,Partner Z
P00895,2022-06-14,2552.33,PayPal,Partner Y
P00896,2022-06-15,1051.21,Credit Card,Partner Y
P00897,2022-06-16,773.09,Cash,Partner Z
P00898,2022-06-17,1777.09,PayPal,Partner X
P00899,2022-06-18,3915.1,Bank Transfer,Partner Y
P00900,2022-06-19,586.6,Credit Card,Partner X
P00901,2022-06-20,664.98,Cash,Partner Z
P00902,2022-06-21,674.46,Cash,Partner X
P00903,2022-06-22,657.75,Bank Transfer,Partner Z
P00904,2022-06-23,2481.86,Credit Card,Partner X
P00905,2022-06-24,4523.43,Bank Transfer,Partner X
P00906,2022-06-25,3252.92,Cash,Partner Y
P00907,2022-06-26,939.93,PayPal,Partner Y
P00908,2022-06-27,1764.55,Bank Transfer,Partner X
P00909,2022-06-28,4166.21,Bank Transfer,Partner Z
P00910,2022-06-29,1725.39,Cash,Partner W
P00911,2022-06-30,4605.38,PayPal,Partner Z
P00912,2022-07-01,1750.0,Credit Card,Partner X
P00913,2022-07-02,3067.93,Credit Card,Partner X
P00914,2022-07-03,2064.64,Cash,Partner W
P00915,2022-07-04,4757.18,PayPal,Partner X
P00916,2022-07-05,3142.81,Bank Transfer,Partner W
P00917,2022-07-06,2900.4,Credit Card,Partner X
P00918,2022-07-07,4325.62,PayPal,Partner Y
P00919,2022-07-08,1007.96,Bank Transfer,Partner Z
P00920,2022-07-09,1156.99,Cash,Partner Z
P00921,2022-07-10,3380.65,PayPal,Partner W
P00922,2022-07-11,549.28,Cash,Partner Z
P00923,2022-07-12,2806.19,PayPal,Partner W
P00924,2022-07-13,885.21,Cash,Partner Y
P00925,2022-07-14,2012.74,Credit Card,Partner W
P00926,2022-07-15,4656.45,Credit Card,Partner Z
P00927,2022-07-16,2797.24,Credit Card,Partner X
P00928,2022-07-17,1704.99,Bank Transfer,Partner W
P00929,2022-07-18,4921.11,Cash,Partner W
P00930,2022-07-19,1688.33,Cash,Partner W
P00931,2022-07-20,3240.04,Credit Card,Partner X
P00932,2022-07-21,2833.36,Bank Transfer,Partner X
P00933,2022-07-22,2230.34,Bank Transfer,Partner W
P00934,2022-07-23,1271.12,Bank Transfer,Partner Y
P00935,2022-07-24,1515.09,Cash,Partner Y
P00936,2022-07-25,4008.52,PayPal,Partner W
P00937,2022-07-26,3053.61,Cash,Partner X
P00938,2022-07-27,1907.52,PayPal,Partner Y
P00939,2022-07-28,4826.39,Credit Card,Partner X
P00940,2022-07-29,2247.75,Cash,Partner Y
P00941,2022-07-30,3362.72,Bank Transfer,Partner W
P00942,2022-07-31,4672.84,PayPal,Partner W
P00943,2022-08-01,525.73,PayPal,Partner X
P00944,2022-08-02,4120.42,Cash,Partner Y
P00945,2022-08-03,503.34,Bank Transfer,Partner Z
P00946,2022-08-04,4200.99,Credit Card,Partner W
P00947,2022-08-05,4648.38,PayPal,Partner Y
P00948,2022-08-06,2161.6,PayPal,Partner Y
P00949,2022-08-07,3346.55,Credit Card,Partner W
P00950,2022-08-08,673.17,PayPal,Partner Y
P00951,2022-08-09,1965.21,PayPal,Partner Z
P00952,2022-08-10,1683.33,Credit Card,Partner W
P00953,2022-08-11,3803.25,Credit Card,Partner W
P00954,2022-08-12,4518.95,PayPal,Partner Y
P00955,2022-08-13,1496.6,Cash,Partner Z
P00956,2022-08-14,4516.73,PayPal,Partner Z
P00957,2022-08-15,3438.98,Bank Transfer,Partner Z
P00958,2022-08-16,3053.16,Bank Transfer,Partner X
P00959,2022-08-17,2292.64,PayPal,Partner W
P00960,2022-08-18,2973.83,PayPal,Partner Y
P00961,2022-08-19,3706.31,PayPal,Partner Y
P00962,2022-08-20,2717.17,Credit Card,Partner Z
P00963,2022-08-21,3784.17,Cash,Partner X
P00964,2022-08-22,4527.14,PayPal,Partner W
P00965,2022-08-23,4803.02,Bank Transfer,Partner X
P00966,2022-08-24,4189.39,Credit Card,Partner Y
P00967,2022-08-25,2928.38,PayPal,Partner X
P00968,2022-08-26,2592.61,Bank Transfer,Partner Y
P00969,2022-08-27,3937.21,PayPal,Partner Y
P00970,2022-08-28,4981.4,PayPal,Partner W
P00971,2022-08-29,4196.1,Bank Transfer,Partner Z
P00972,2022-08-30,4487.86,Cash,Partner W
P00973,2022-08-31,3675.84,Bank Transfer,Partner X
P00974,2022-09-01,2283.82,Credit Card,Partner Y
P00975,2022-09-02,1325.73,Bank Transfer,Partner Y
P00976,2022-09-03,749.31,Credit Card,Partner Y
P00977,2022-09-04,2339.99,PayPal,Partner X
P00978,2022-09-05,1900.1,PayPal,Partner W
P00979,2022-09-06,3223.32,PayPal,Partner Z
P00980,2022-09-07,2997.55,Credit Card,Partner Z
P00981,2022-09-08,3851.86,PayPal,Partner Y
P00982,2022-09-09,2395.92,Bank Transfer,Partner Y
P00983,2022-09-10,2178.06,Cash,Partner Z
P00984,2022-09-11,2182.39,PayPal,Partner Z
P00985,2022-09-12,2240.68,PayPal,Partner Z
P00986,2022-09-13,1594.44,Cash,Partner X
P00987,2022-09-14,1397.28,Cash,Partner Y
P00988,2022-09-15,4259.44,Credit Card,Partner Z
P00989,2022-09-16,4316.66,PayPal,Partner Y
P00990,2022-09-17,2844.42,Bank Transfer,Partner X
P00991,2022-09-18,1419.9,Credit Card,Partner X
P00992,2022-09-19,1710.14,Cash,Partner W
P00993,2022-09-20,4877.64,Cash,Partner Y
P00994,2022-09-21,4761.61,Cash,Partner W
P00995,2022-09-22,3841.05,Bank Transfer,Partner W
P00996,2022-09-23,3862.81,Bank Transfer,Partner Y
P00997,2022-09-24,3599.87,Credit Card,Partner Y
P00998,2022-09-25,4477.55,Bank Transfer,Partner X
P00999,2022-09-26,4523.91,Cash,Partner W
P01000,2022-09-27,4581.81,Bank Transfer,Partner Y
